{"stats":{"minecraft:used":{"minecraft:netherite_sword":2},"minecraft:killed":{"minecraft:pig":1},"minecraft:picked_up":{"minecraft:porkchop":3},"minecraft:custom":{"minecraft:jump":3,"minecraft:time_since_rest":7895,"minecraft:damage_dealt":100,"minecraft:crouch_one_cm":74,"minecraft:leave_game":2,"minecraft:play_time":7895,"minecraft:time_since_death":7895,"minecraft:walk_one_cm":2137,"minecraft:sneak_time":98,"minecraft:total_world_time":8578,"minecraft:mob_kills":1,"minecraft:fly_one_cm":4638}},"DataVersion":3465}